11 22 63,
Beowulf: Return to the Shieldlands,
The Blacklist,
Better Call Saul,
Black Sails,
Castle,
Da Vinci's Demons,
Forever,
Grey's Anatomy,
Hell On Wheels,
Jekyll and Hyde,
Justified,
Lucifer,
Marco Polo,
Mozart in the jungle,
Outlander,
Orphan Black,
Peaky Blinders,
Sleepy Hollow,
The Last Kingdom,
The Man In The High Castle,
The Musketeers,
Titanic - Blood and Steel,
Turn - Whashington's Spies,
Vikings,
White Collar,
The Night Manager,
Poldark,
Jonathan Strange & Mr Norrell,
Mr.Robot,
Ripper street,
Broadchurch,
Timeless,
Westworld,
Taboo,
Emerald City,
iZombie,
SS-GB,
Taken,
The Son,
13 Reasons Why,
Into the Badlands,
War & Peace,
Legion,
Ozark,
C.B. Strike,
The Last Tycoon,
Liar,
The Deuce,
Sneaky Pete,
Knightfall,
The Marvelous Mrs. Maisel,
Graceland,
The End Of The Fucking World,
Friends From College,
Jessica Jones,
The Alienist,
Altered Carbon,
The Good Doctor,
Life Sentence,
New Amsterdam,
You,
Chilling Adventures of Sabrina,
Dark Heart,
Chernobyl,
Barry,
The Boys,
World On Fire,
His Dark Materials,
Dublin Murders,
The Witcher,
Sex Education,
The Good Place,
I Am Not Okay With This,
Mindhunter,
Loudermilk,
Perry Mason,
A Million Little Things,
Hollywood,
Locke & Key,
The Sinner,
Des,
Deadwater Fell,
The Queen's Gambit,
Young Wallander,
Love Death & Robots,
The Office,
Emily in Paris,
Solar Opposites,
Feel Good,
A Discovery of Witches,
Shadow and Bone,
Loki,
WandaVision,
Search Party,
The Flight Attendant,
Prodigal Son,
The Kominsky Method,
Invincible,
The Wheel of Time,
Rick and Morty,
The White Lotus,
The Girlfriend Experience,
Y: The Last Man,
Vikings: Valhalla,
Hawkeye,
Resident Alien,
Around the World in 80 Days,
The Lord of the Rings: The Rings of Power,
The Boys Presents: Diabolical,
Moon Knight,
Obi-Wan Kenobi,
The Cuphead Show!,
Euphoria,
The Essex Serpent,
The Time Traveler's Wife,
Black Bird,
The Terminal List,
Dopesick,
The Dropout,
Dr. Death,
House of the Dragon,
The Idol,
The Last of Us,
The Peripheral,
Inside Man,
1899,
The English,
Anne Rice's Mayfair Witches,
Wednesday,
For All Mankind